{"11": [33.1, -117.842097], "12": [34.412775739612385, -117.38706210600368], "10": [34.412775739612385, -117.38706210600368], "7": [33.5, -117.842097], "9": [33.3, -117.5], "8": [34.412775739612385, -117.38706210600368]}