{
  "bike-location":
  [
    {
      "id":1231234,
      "coordinate": [33.644780, -117.200]
    },
    {
      "id":2123121,
      "coordinate": [33.1, -117.842097]
    }
  ]
}